[
  {
    "id": 9981,
    "url": "phongdt.dvrlists.com:554//Streaming/Channels/1",
    "username": "admin",
    "pwd": "202020"
  },
  {
    "id": "UMT-CA-01",
    "url": "thuyloiumt.kbvision.tv:11113",
    "username": "admin",
    "pwd": "admin123456"
  },
  {
    "id": "UMT-CA-02",
    "url": "thuyloiumt.kbvision.tv:11114",
    "username": "admin",
    "pwd": "admin123456"
  },
  {
    "id": "UMT-CA-03",
    "url": "thuyloiumt.kbvision.tv:11115",
    "username": "admin",
    "pwd": "admin123456"
  }
]
